Time,User,Component,Load Time
2025-03-17 20:19:04,plttest003@telarus.com,Oppurtunity,2.05
2025-03-17 20:19:08,plttest002@telarus.com,Oppurtunity,0.53
2025-03-17 20:19:08,plttest009@telarus.com,Oppurtunity,0.08
2025-03-17 20:19:18,plttest003@telarus.com,Order,2.35
2025-03-17 20:19:21,plttest001@telarus.com,Oppurtunity,1.44
2025-03-17 20:19:25,plttest009@telarus.com,Order,0.61
2025-03-17 20:19:26,plttest004@telarus.com,Oppurtunity,1.04
2025-03-17 20:19:33,plttest005@telarus.com,Oppurtunity,0.17
2025-03-17 20:19:33,plttest001@telarus.com,Order,0.17
2025-03-17 20:19:35,plttest003@telarus.com,Customer,14.09
2025-03-17 20:19:35,plttest008@telarus.com,Oppurtunity,1.21
2025-03-17 20:19:35,plttest007@telarus.com,Oppurtunity,1.22
2025-03-17 20:19:35,plttest002@telarus.com,Order,1.24
2025-03-17 20:19:35,plttest006@telarus.com,Oppurtunity,1.23
2025-03-17 20:19:35,plttest010@telarus.com,Oppurtunity,1.26
2025-03-17 20:19:35,plttest016@telarus.com,Oppurtunity,1.16
2025-03-17 20:19:38,plttest009@telarus.com,Customer,3.06
2025-03-17 20:19:47,plttest020@telarus.com,Oppurtunity,3.85
2025-03-17 20:19:47,plttest012@telarus.com,Oppurtunity,0.34
2025-03-17 20:19:47,plttest022@telarus.com,Oppurtunity,4.05
2025-03-17 20:19:48,plttest001@telarus.com,Customer,0.45
2025-03-17 20:19:55,plttest028@telarus.com,Oppurtunity,1.02
2025-03-17 20:19:57,plttest002@telarus.com,Customer,6.53
2025-03-17 20:19:58,plttest023@telarus.com,Oppurtunity,3.99
2025-03-17 20:19:58,plttest006@telarus.com,Order,4.37
2025-03-17 20:19:58,plttest007@telarus.com,Order,4.36
2025-03-17 20:19:58,plttest010@telarus.com,Order,4.37
2025-03-17 20:19:58,plttest016@telarus.com,Order,4.38
2025-03-17 20:19:58,plttest024@telarus.com,Oppurtunity,4.37
2025-03-17 20:20:00,plttest021@telarus.com,Oppurtunity,4.39
2025-03-17 20:20:00,plttest011@telarus.com,Oppurtunity,4.37
2025-03-17 20:20:00,plttest013@telarus.com,Oppurtunity,4.37
2025-03-17 20:20:04,plttest026@telarus.com,Oppurtunity,4.86
2025-03-17 20:20:10,plttest028@telarus.com,Order,3.81
2025-03-17 20:20:14,plttest018@telarus.com,Oppurtunity,6.78
2025-03-17 20:20:14,plttest012@telarus.com,Order,6.78
2025-03-17 20:20:15,plttest006@telarus.com,Customer,0.08
2025-03-17 20:20:15,plttest001@telarus.com,Quotes,9.02
2025-03-17 20:20:17,plttest016@telarus.com,Customer,10.20
2025-03-17 20:20:17,plttest023@telarus.com,Order,1.99
2025-03-17 20:20:20,plttest004@telarus.com,Order,0.53
2025-03-17 20:20:20,plttest009@telarus.com,Quotes,0.52
2025-03-17 20:20:21,plttest020@telarus.com,Order,26.17
2025-03-17 20:20:22,plttest028@telarus.com,Customer,6.42
2025-03-17 20:20:22,plttest002@telarus.com,Quotes,0.82
2025-03-17 20:20:23,plttest005@telarus.com,Order,0.82
2025-03-17 20:20:24,plttest003@telarus.com,Quotes,0.83
2025-03-17 20:20:25,plttest022@telarus.com,Order,0.83
2025-03-17 20:20:26,plttest017@telarus.com,Oppurtunity,0.84
2025-03-17 20:20:27,plttest024@telarus.com,Order,0.83
2025-03-17 20:20:29,plttest026@telarus.com,Order,0.83
2025-03-17 20:20:29,plttest008@telarus.com,Order,0.86
2025-03-17 20:20:29,plttest007@telarus.com,Customer,0.83
2025-03-17 20:20:30,plttest013@telarus.com,Order,8.17
2025-03-17 20:20:32,plttest010@telarus.com,Customer,9.66
2025-03-17 20:20:33,plttest021@telarus.com,Order,9.63
2025-03-17 20:20:36,plttest016@telarus.com,Quotes,3.26
2025-03-17 20:20:36,plttest006@telarus.com,Quotes,2.08
2025-03-17 20:20:45,plttest001@telarus.com,Cases,13.30
2025-03-17 20:20:45,plttest023@telarus.com,Customer,21.65
2025-03-17 20:20:46,plttest018@telarus.com,Order,18.42
2025-03-17 20:20:46,plttest019@telarus.com,Oppurtunity,12.00
2025-03-17 20:20:46,plttest012@telarus.com,Customer,22.49
2025-03-17 20:20:47,plttest027@telarus.com,Oppurtunity,9.54
2025-03-17 20:20:47,plttest028@telarus.com,Quotes,1.80
2025-03-17 20:20:49,plttest020@telarus.com,Customer,2.14
2025-03-17 20:20:50,plttest025@telarus.com,Oppurtunity,25.37
2025-03-17 20:20:56,plttest026@telarus.com,Customer,5.85
2025-03-17 20:20:57,plttest002@telarus.com,Cases,2.13
2025-03-17 20:20:59,plttest003@telarus.com,Cases,4.26
2025-03-17 20:21:01,plttest022@telarus.com,Customer,5.84
2025-03-17 20:21:02,plttest008@telarus.com,Customer,4.01
2025-03-17 20:21:04,plttest024@telarus.com,Customer,15.05
2025-03-17 20:21:05,plttest009@telarus.com,Cases,16.74
2025-03-17 20:21:05,plttest007@telarus.com,Quotes,16.73
2025-03-17 20:21:05,plttest017@telarus.com,Order,10.59
2025-03-17 20:21:06,plttest013@telarus.com,Customer,15.09
2025-03-17 20:21:07,plttest005@telarus.com,Customer,11.77
2025-03-17 20:21:07,plttest011@telarus.com,Order,10.63
2025-03-17 20:21:08,plttest004@telarus.com,Customer,10.62
2025-03-17 20:21:14,plttest037@telarus.com,Oppurtunity,5.02
2025-03-17 20:21:17,plttest006@telarus.com,Cases,4.71
2025-03-17 20:21:17,plttest021@telarus.com,Customer,4.78
2025-03-17 20:21:18,plttest001@telarus.com,Oppurtunity,4.71
2025-03-17 20:21:19,plttest029@telarus.com,Oppurtunity,5.12
2025-03-17 20:21:19,plttest034@telarus.com,Oppurtunity,5.05
2025-03-17 20:21:20,plttest019@telarus.com,Order,5.06
2025-03-17 20:21:20,plttest020@telarus.com,Quotes,0.21
2025-03-17 20:21:20,plttest028@telarus.com,Cases,0.22
2025-03-17 20:21:22,plttest016@telarus.com,Cases,29.73
2025-03-17 20:21:22,plttest023@telarus.com,Quotes,11.38
2025-03-17 20:21:22,plttest010@telarus.com,Quotes,12.93
2025-03-17 20:21:22,plttest026@telarus.com,Quotes,7.90
2025-03-17 20:21:23,plttest018@telarus.com,Customer,13.49
2025-03-17 20:21:24,plttest025@telarus.com,Order,13.76
2025-03-17 20:21:24,plttest038@telarus.com,Oppurtunity,18.60
2025-03-17 20:21:24,plttest014@telarus.com,Oppurtunity,13.55
2025-03-17 20:21:24,plttest027@telarus.com,Order,13.88
2025-03-17 20:21:24,plttest003@telarus.com,Oppurtunity,14.02
2025-03-17 20:21:24,plttest012@telarus.com,Quotes,13.76
2025-03-17 20:21:24,plttest036@telarus.com,Oppurtunity,8.78
2025-03-17 20:21:24,plttest035@telarus.com,Oppurtunity,3.31
2025-03-17 20:21:25,plttest009@telarus.com,Oppurtunity,3.30
2025-03-17 20:21:25,plttest031@telarus.com,Oppurtunity,3.19
2025-03-17 20:21:25,plttest030@telarus.com,Oppurtunity,3.33
2025-03-17 20:21:25,plttest007@telarus.com,Cases,3.27
2025-03-17 20:21:25,plttest002@telarus.com,Oppurtunity,3.56
2025-03-17 20:21:25,plttest015@telarus.com,Oppurtunity,3.58
2025-03-17 20:21:25,plttest032@telarus.com,Oppurtunity,3.68
2025-03-17 20:21:25,plttest033@telarus.com,Oppurtunity,3.22
2025-03-17 20:21:28,plttest039@telarus.com,Oppurtunity,11.29
2025-03-17 20:21:30,plttest037@telarus.com,Order,1.90
2025-03-17 20:21:43,plttest020@telarus.com,Cases,2.22
2025-03-17 20:21:43,plttest011@telarus.com,Customer,20.98
2025-03-17 20:21:43,plttest010@telarus.com,Cases,0.71
2025-03-17 20:21:43,plttest019@telarus.com,Customer,2.57
2025-03-17 20:21:43,plttest017@telarus.com,Customer,15.02
2025-03-17 20:21:43,plttest013@telarus.com,Quotes,15.01
2025-03-17 20:21:43,plttest024@telarus.com,Quotes,15.02
2025-03-17 20:21:44,plttest029@telarus.com,Order,4.81
2025-03-17 20:21:44,plttest026@telarus.com,Cases,2.57
2025-03-17 20:21:44,plttest034@telarus.com,Order,0.75
2025-03-17 20:21:44,plttest006@telarus.com,Oppurtunity,0.16
2025-03-17 20:21:45,plttest002@telarus.com,Order,0.64
2025-03-17 20:21:46,plttest031@telarus.com,Order,2.01
2025-03-17 20:21:47,plttest004@telarus.com,Quotes,1.98
2025-03-17 20:21:47,plttest038@telarus.com,Order,2.01
2025-03-17 20:21:51,plttest009@telarus.com,Order,2.41
2025-03-17 20:21:52,plttest028@telarus.com,Oppurtunity,1.33
2025-03-17 20:21:53,plttest025@telarus.com,Customer,6.08
2025-03-17 20:21:53,plttest015@telarus.com,Order,6.36
2025-03-17 20:21:54,plttest012@telarus.com,Cases,6.37
2025-03-17 20:21:58,plttest030@telarus.com,Order,6.36
2025-03-17 20:21:59,plttest037@telarus.com,Customer,10.03
2025-03-17 20:22:00,plttest022@telarus.com,Quotes,6.80
2025-03-17 20:22:02,plttest032@telarus.com,Order,6.75
2025-03-17 20:22:02,plttest001@telarus.com,Order,7.31
2025-03-17 20:22:03,plttest008@telarus.com,Quotes,6.75
2025-03-17 20:22:03,plttest036@telarus.com,Order,6.72
2025-03-17 20:22:04,plttest005@telarus.com,Quotes,7.09
2025-03-17 20:22:04,plttest003@telarus.com,Order,7.09
2025-03-17 20:22:04,plttest021@telarus.com,Quotes,6.94
2025-03-17 20:22:04,plttest014@telarus.com,Order,6.76
2025-03-17 20:22:04,plttest039@telarus.com,Order,7.92
2025-03-17 20:22:04,plttest023@telarus.com,Cases,10.63
2025-03-17 20:22:04,plttest016@telarus.com,Oppurtunity,7.92
2025-03-17 20:22:04,plttest035@telarus.com,Order,15.93
2025-03-17 20:22:04,plttest018@telarus.com,Quotes,13.00
2025-03-17 20:22:04,plttest033@telarus.com,Order,12.01
2025-03-17 20:22:04,plttest027@telarus.com,Customer,12.19
2025-03-17 20:22:05,plttest045@telarus.com,Oppurtunity,18.40
2025-03-17 20:22:05,plttest041@telarus.com,Oppurtunity,5.08
2025-03-17 20:22:05,plttest020@telarus.com,Oppurtunity,5.07
2025-03-17 20:22:05,plttest007@telarus.com,Oppurtunity,18.34
2025-03-17 20:22:05,plttest013@telarus.com,Cases,12.37
2025-03-17 20:22:05,plttest026@telarus.com,Oppurtunity,0.18
2025-03-17 20:22:05,plttest011@telarus.com,Quotes,0.89
2025-03-17 20:22:05,plttest029@telarus.com,Customer,0.92
2025-03-17 20:22:05,plttest006@telarus.com,Order,0.91
2025-03-17 20:22:05,plttest010@telarus.com,Oppurtunity,13.08
2025-03-17 20:22:05,plttest031@telarus.com,Customer,0.89
2025-03-17 20:22:05,plttest034@telarus.com,Customer,0.92
2025-03-17 20:22:05,plttest044@telarus.com,Oppurtunity,0.90
2025-03-17 20:22:05,plttest002@telarus.com,Customer,0.90
2025-03-17 20:22:05,plttest019@telarus.com,Quotes,0.93
2025-03-17 20:22:05,plttest024@telarus.com,Cases,12.43
2025-03-17 20:22:05,plttest017@telarus.com,Quotes,0.16
2025-03-17 20:22:14,plttest037@telarus.com,Quotes,0.13
2025-03-17 20:22:33,plttest028@telarus.com,Order,23.79
2025-03-17 20:22:33,plttest045@telarus.com,Order,0.50
2025-03-17 20:22:33,plttest038@telarus.com,Customer,28.96
2025-03-17 20:22:33,plttest004@telarus.com,Cases,28.96
2025-03-17 20:22:33,plttest015@telarus.com,Customer,28.96
2025-03-17 20:22:33,plttest039@telarus.com,Customer,1.05
2025-03-17 20:22:34,plttest020@telarus.com,Order,0.29
2025-03-17 20:22:34,plttest035@telarus.com,Customer,0.85
2025-03-17 20:22:34,plttest022@telarus.com,Cases,1.14
2025-03-17 20:22:34,plttest040@telarus.com,Oppurtunity,1.11
2025-03-17 20:22:34,plttest023@telarus.com,Oppurtunity,0.78
2025-03-17 20:22:34,plttest018@telarus.com,Cases,1.13
2025-03-17 20:22:34,plttest016@telarus.com,Order,1.11
2025-03-17 20:22:34,plttest025@telarus.com,Quotes,28.10
2025-03-17 20:22:34,plttest044@telarus.com,Order,0.73
2025-03-17 20:22:34,plttest006@telarus.com,Customer,1.11
2025-03-17 20:22:34,plttest012@telarus.com,Oppurtunity,1.11
2025-03-17 20:22:34,plttest003@telarus.com,Customer,0.77
2025-03-17 20:22:34,plttest030@telarus.com,Customer,1.13
2025-03-17 20:22:34,plttest009@telarus.com,Customer,28.48
2025-03-17 20:22:34,plttest013@telarus.com,Oppurtunity,0.65
2025-03-17 20:22:34,plttest041@telarus.com,Order,0.25
2025-03-17 20:22:34,plttest005@telarus.com,Cases,0.76
2025-03-17 20:22:34,plttest007@telarus.com,Order,0.15
2025-03-17 20:22:34,plttest008@telarus.com,Cases,0.78
2025-03-17 20:22:34,plttest010@telarus.com,Order,1.17
2025-03-17 20:22:34,plttest011@telarus.com,Cases,0.57
2025-03-17 20:22:34,plttest027@telarus.com,Quotes,0.57
2025-03-17 20:22:34,plttest034@telarus.com,Quotes,0.29
2025-03-17 20:22:34,plttest036@telarus.com,Customer,0.54
2025-03-17 20:22:34,plttest019@telarus.com,Cases,1.69
2025-03-17 20:22:34,plttest029@telarus.com,Quotes,0.32
2025-03-17 20:22:34,plttest031@telarus.com,Quotes,0.20
2025-03-17 20:22:34,plttest024@telarus.com,Oppurtunity,0.22
2025-03-17 20:22:34,plttest047@telarus.com,Oppurtunity,0.29
2025-03-17 20:22:34,plttest033@telarus.com,Customer,0.24
2025-03-17 20:22:34,plttest043@telarus.com,Oppurtunity,0.20
2025-03-17 20:22:34,plttest032@telarus.com,Customer,0.08
2025-03-17 20:22:34,plttest014@telarus.com,Customer,1.28
2025-03-17 20:22:34,plttest021@telarus.com,Cases,1.31
2025-03-17 20:22:35,plttest001@telarus.com,Customer,2.31
2025-03-17 20:22:35,plttest046@telarus.com,Oppurtunity,0.20
2025-03-17 20:22:35,plttest042@telarus.com,Oppurtunity,0.88
2025-03-17 20:22:35,plttest017@telarus.com,Cases,0.19
2025-03-17 20:22:36,plttest026@telarus.com,Order,0.18
2025-03-17 20:22:55,plttest037@telarus.com,Cases,3.49
2025-03-17 20:23:07,plttest045@telarus.com,Customer,0.29
2025-03-17 20:23:08,plttest048@telarus.com,Oppurtunity,11.83
2025-03-17 20:23:09,plttest028@telarus.com,Customer,0.30
2025-03-17 20:23:09,plttest041@telarus.com,Customer,0.29
2025-03-17 20:23:09,plttest020@telarus.com,Customer,0.23
2025-03-17 20:23:09,plttest044@telarus.com,Customer,1.65
2025-03-17 20:23:09,plttest010@telarus.com,Customer,1.66
2025-03-17 20:23:09,plttest029@telarus.com,Cases,1.69
2025-03-17 20:23:09,plttest004@telarus.com,Oppurtunity,1.67
2025-03-17 20:23:09,plttest011@telarus.com,Oppurtunity,1.69
2025-03-17 20:23:09,plttest040@telarus.com,Order,1.69
2025-03-17 20:23:09,plttest018@telarus.com,Oppurtunity,1.66
2025-03-17 20:23:09,plttest015@telarus.com,Quotes,0.90
2025-03-17 20:23:09,plttest014@telarus.com,Quotes,0.80
2025-03-17 20:23:09,plttest031@telarus.com,Cases,0.78
2025-03-17 20:23:09,plttest019@telarus.com,Oppurtunity,0.86
2025-03-17 20:23:09,plttest042@telarus.com,Order,0.86
2025-03-17 20:23:09,plttest006@telarus.com,Quotes,1.00
2025-03-17 20:23:09,plttest027@telarus.com,Cases,0.85
2025-03-17 20:23:09,plttest012@telarus.com,Order,0.86
2025-03-17 20:23:09,plttest032@telarus.com,Quotes,1.01
2025-03-17 20:23:09,plttest038@telarus.com,Quotes,1.00
2025-03-17 20:23:09,plttest017@telarus.com,Oppurtunity,0.87
2025-03-17 20:23:09,plttest046@telarus.com,Order,0.83
2025-03-17 20:23:09,plttest043@telarus.com,Order,0.86
2025-03-17 20:23:09,plttest016@telarus.com,Customer,1.01
2025-03-17 20:23:09,plttest009@telarus.com,Quotes,0.85
2025-03-17 20:23:09,plttest008@telarus.com,Oppurtunity,0.98
2025-03-17 20:23:09,plttest003@telarus.com,Quotes,1.00
2025-03-17 20:23:10,plttest001@telarus.com,Quotes,1.00
2025-03-17 20:23:10,plttest030@telarus.com,Quotes,0.97
2025-03-17 20:23:10,plttest047@telarus.com,Order,0.95
2025-03-17 20:23:10,plttest023@telarus.com,Order,1.12
2025-03-17 20:23:10,plttest021@telarus.com,Oppurtunity,0.97
2025-03-17 20:23:10,plttest033@telarus.com,Quotes,1.01
2025-03-17 20:23:10,plttest022@telarus.com,Oppurtunity,0.34
2025-03-17 20:23:10,plttest007@telarus.com,Customer,1.02
2025-03-17 20:23:10,plttest013@telarus.com,Order,1.98
2025-03-17 20:23:10,plttest034@telarus.com,Cases,0.36
2025-03-17 20:23:10,plttest025@telarus.com,Cases,0.52
2025-03-17 20:23:10,plttest036@telarus.com,Quotes,13.99
2025-03-17 20:23:10,plttest024@telarus.com,Order,0.53
2025-03-17 20:23:10,plttest035@telarus.com,Quotes,1.14
2025-03-17 20:23:11,plttest005@telarus.com,Oppurtunity,1.44
2025-03-17 20:23:11,plttest039@telarus.com,Quotes,1.65
2025-03-17 20:23:11,plttest026@telarus.com,Customer,2.41
2025-03-17 20:23:42,plttest028@telarus.com,Quotes,0.64
2025-03-17 20:23:42,plttest037@telarus.com,Oppurtunity,29.89
2025-03-17 20:23:42,plttest049@telarus.com,Oppurtunity,18.81
2025-03-17 20:23:43,plttest020@telarus.com,Quotes,18.83
2025-03-17 20:23:43,plttest041@telarus.com,Quotes,0.42
2025-03-17 20:23:43,plttest048@telarus.com,Order,0.91
2025-03-17 20:23:43,plttest050@telarus.com,Oppurtunity,19.10
2025-03-17 20:23:43,plttest044@telarus.com,Quotes,0.13
2025-03-17 20:23:43,plttest013@telarus.com,Customer,0.17
2025-03-17 20:23:43,plttest004@telarus.com,Order,0.97
2025-03-17 20:23:44,plttest032@telarus.com,Cases,0.99
2025-03-17 20:23:44,plttest018@telarus.com,Order,0.90
2025-03-17 20:23:44,plttest021@telarus.com,Order,0.92
2025-03-17 20:23:44,plttest034@telarus.com,Oppurtunity,0.91
2025-03-17 20:23:44,plttest030@telarus.com,Cases,0.91
2025-03-17 20:23:44,plttest006@telarus.com,Cases,0.92
2025-03-17 20:23:44,plttest025@telarus.com,Oppurtunity,0.58
2025-03-17 20:23:44,plttest005@telarus.com,Order,1.00
2025-03-17 20:23:44,plttest008@telarus.com,Order,0.99
2025-03-17 20:23:44,plttest022@telarus.com,Order,1.00
2025-03-17 20:23:44,plttest001@telarus.com,Cases,0.69
2025-03-17 20:23:44,plttest026@telarus.com,Quotes,1.16
2025-03-17 20:23:44,plttest023@telarus.com,Customer,1.16
2025-03-17 20:23:44,plttest014@telarus.com,Cases,1.00
2025-03-17 20:23:44,plttest017@telarus.com,Order,0.66
2025-03-17 20:23:44,plttest003@telarus.com,Cases,0.69
2025-03-17 20:23:44,plttest011@telarus.com,Order,0.69
2025-03-17 20:23:44,plttest029@telarus.com,Oppurtunity,0.81
2025-03-17 20:23:44,plttest024@telarus.com,Customer,0.66
2025-03-17 20:23:44,plttest047@telarus.com,Customer,0.66
2025-03-17 20:23:44,plttest033@telarus.com,Cases,0.67
2025-03-17 20:23:44,plttest031@telarus.com,Oppurtunity,0.65
2025-03-17 20:23:44,plttest027@telarus.com,Oppurtunity,0.69
2025-03-17 20:23:44,plttest040@telarus.com,Customer,0.71
2025-03-17 20:23:44,plttest010@telarus.com,Quotes,0.68
2025-03-17 20:23:44,plttest007@telarus.com,Quotes,0.69
2025-03-17 20:23:44,plttest019@telarus.com,Order,0.89
2025-03-17 20:23:44,plttest012@telarus.com,Customer,0.45
2025-03-17 20:23:44,plttest042@telarus.com,Customer,0.43
2025-03-17 20:23:44,plttest016@telarus.com,Quotes,19.21
2025-03-17 20:23:44,plttest043@telarus.com,Customer,0.49
2025-03-17 20:23:44,plttest039@telarus.com,Cases,0.56
2025-03-17 20:23:44,plttest038@telarus.com,Cases,0.98
2025-03-17 20:23:44,plttest015@telarus.com,Cases,0.97
2025-03-17 20:23:44,plttest002@telarus.com,Cases,0.71
2025-03-17 20:23:44,plttest009@telarus.com,Cases,2.40
2025-03-17 20:23:45,plttest035@telarus.com,Cases,1.90
2025-03-17 20:23:46,plttest046@telarus.com,Customer,2.82
2025-03-17 20:24:16,plttest020@telarus.com,Cases,5.66
2025-03-17 20:24:19,plttest041@telarus.com,Cases,27.88
2025-03-17 20:24:20,plttest036@telarus.com,Cases,35.54
2025-03-17 20:24:20,plttest028@telarus.com,Cases,1.92
2025-03-17 20:24:20,plttest049@telarus.com,Order,4.90
2025-03-17 20:24:21,plttest017@telarus.com,Customer,2.40
2025-03-17 20:24:21,plttest039@telarus.com,Oppurtunity,0.65
2025-03-17 20:24:21,plttest012@telarus.com,Quotes,2.40
2025-03-17 20:24:21,plttest007@telarus.com,Cases,0.97
2025-03-17 20:24:21,plttest022@telarus.com,Customer,1.75
2025-03-17 20:24:21,plttest010@telarus.com,Cases,0.97
2025-03-17 20:24:21,plttest030@telarus.com,Oppurtunity,2.40
2025-03-17 20:24:21,plttest013@telarus.com,Quotes,2.40
2025-03-17 20:24:21,plttest040@telarus.com,Quotes,2.53
2025-03-17 20:24:21,plttest021@telarus.com,Customer,2.40
2025-03-17 20:24:21,plttest042@telarus.com,Quotes,0.65
2025-03-17 20:24:21,plttest031@telarus.com,Order,2.40
2025-03-17 20:24:21,plttest050@telarus.com,Order,2.40
2025-03-17 20:24:21,plttest027@telarus.com,Order,2.52
2025-03-17 20:24:21,plttest009@telarus.com,Oppurtunity,0.97
2025-03-17 20:24:21,plttest034@telarus.com,Order,11.07
2025-03-17 20:24:21,plttest037@telarus.com,Order,2.39
2025-03-17 20:24:21,plttest004@telarus.com,Customer,2.53
2025-03-17 20:24:21,plttest033@telarus.com,Oppurtunity,2.40
2025-03-17 20:24:21,plttest043@telarus.com,Quotes,2.53
2025-03-17 20:24:21,plttest003@telarus.com,Oppurtunity,2.53
2025-03-17 20:24:21,plttest023@telarus.com,Quotes,0.96
2025-03-17 20:24:21,plttest038@telarus.com,Oppurtunity,0.96
2025-03-17 20:24:21,plttest008@telarus.com,Customer,2.53
2025-03-17 20:24:21,plttest015@telarus.com,Oppurtunity,0.65
2025-03-17 20:24:21,plttest026@telarus.com,Cases,0.97
2025-03-17 20:24:21,plttest024@telarus.com,Quotes,1.34
2025-03-17 20:24:21,plttest014@telarus.com,Oppurtunity,1.64
2025-03-17 20:24:21,plttest032@telarus.com,Oppurtunity,1.63
2025-03-17 20:24:21,plttest035@telarus.com,Oppurtunity,1.33
2025-03-17 20:24:21,plttest044@telarus.com,Cases,1.25
2025-03-17 20:24:21,plttest047@telarus.com,Quotes,1.28
2025-03-17 20:24:21,plttest029@telarus.com,Order,1.28
2025-03-17 20:24:21,plttest019@telarus.com,Customer,1.31
2025-03-17 20:24:21,plttest001@telarus.com,Oppurtunity,1.32
2025-03-17 20:24:21,plttest046@telarus.com,Quotes,1.11
2025-03-17 20:24:21,plttest025@telarus.com,Order,1.74
2025-03-17 20:24:21,plttest016@telarus.com,Cases,1.41
2025-03-17 20:24:21,plttest006@telarus.com,Oppurtunity,1.40
2025-03-17 20:24:22,plttest018@telarus.com,Customer,0.61
2025-03-17 20:24:22,plttest011@telarus.com,Customer,1.86
2025-03-17 20:24:23,plttest002@telarus.com,Oppurtunity,3.04
2025-03-17 20:24:52,plttest038@telarus.com,Order,2.77
2025-03-17 20:24:55,plttest048@telarus.com,Customer,32.31
2025-03-17 20:24:55,plttest045@telarus.com,Cases,32.36
2025-03-17 20:24:55,plttest028@telarus.com,Oppurtunity,5.58
2025-03-17 20:24:55,plttest041@telarus.com,Oppurtunity,5.58
2025-03-17 20:24:55,plttest050@telarus.com,Customer,0.38
2025-03-17 20:24:55,plttest027@telarus.com,Customer,0.37
2025-03-17 20:24:56,plttest005@telarus.com,Customer,35.25
2025-03-17 20:24:56,plttest015@telarus.com,Order,0.46
2025-03-17 20:24:56,plttest040@telarus.com,Cases,0.09
2025-03-17 20:24:56,plttest046@telarus.com,Cases,0.98
2025-03-17 20:24:57,plttest004@telarus.com,Quotes,0.97
2025-03-17 20:24:57,plttest049@telarus.com,Customer,0.88
2025-03-17 20:24:57,plttest010@telarus.com,Oppurtunity,1.07
2025-03-17 20:24:57,plttest006@telarus.com,Order,1.07
2025-03-17 20:24:57,plttest026@telarus.com,Oppurtunity,0.99
2025-03-17 20:24:57,plttest016@telarus.com,Oppurtunity,1.17
2025-03-17 20:24:57,plttest001@telarus.com,Order,1.09
2025-03-17 20:24:57,plttest002@telarus.com,Order,1.19
2025-03-17 20:24:57,plttest012@telarus.com,Cases,1.17
2025-03-17 20:24:57,plttest030@telarus.com,Order,1.20
2025-03-17 20:24:57,plttest025@telarus.com,Customer,1.21
2025-03-17 20:24:57,plttest014@telarus.com,Order,0.58
2025-03-17 20:24:57,plttest013@telarus.com,Cases,0.61
2025-03-17 20:24:57,plttest019@telarus.com,Quotes,0.61
2025-03-17 20:24:57,plttest039@telarus.com,Order,0.65
2025-03-17 20:24:57,plttest008@telarus.com,Quotes,0.60
2025-03-17 20:24:57,plttest034@telarus.com,Customer,0.38
2025-03-17 20:24:57,plttest018@telarus.com,Quotes,0.47
2025-03-17 20:24:57,plttest033@telarus.com,Order,0.47
2025-03-17 20:24:57,plttest043@telarus.com,Cases,0.29
2025-03-17 20:24:57,plttest023@telarus.com,Cases,0.18
2025-03-17 20:24:57,plttest032@telarus.com,Order,0.28
2025-03-17 20:24:57,plttest021@telarus.com,Quotes,0.16
2025-03-17 20:24:57,plttest017@telarus.com,Quotes,0.17
2025-03-17 20:24:57,plttest003@telarus.com,Order,0.18
2025-03-17 20:24:57,plttest042@telarus.com,Cases,0.17
2025-03-17 20:24:57,plttest022@telarus.com,Quotes,0.17
2025-03-17 20:24:57,plttest036@telarus.com,Oppurtunity,0.17
2025-03-17 20:24:57,plttest020@telarus.com,Oppurtunity,0.09
2025-03-17 20:24:57,plttest037@telarus.com,Customer,0.06
2025-03-17 20:24:57,plttest029@telarus.com,Customer,0.09
2025-03-17 20:24:57,plttest044@telarus.com,Oppurtunity,1.06
2025-03-17 20:24:58,plttest007@telarus.com,Oppurtunity,0.05
2025-03-17 20:24:58,plttest047@telarus.com,Cases,1.23
2025-03-17 20:24:59,plttest031@telarus.com,Customer,2.03
2025-03-17 20:24:59,plttest009@telarus.com,Order,1.41
2025-03-17 20:25:27,plttest040@telarus.com,Oppurtunity,3.43
2025-03-17 20:25:27,plttest028@telarus.com,Order,22.14
2025-03-17 20:25:28,plttest024@telarus.com,Cases,29.86
2025-03-17 20:25:28,plttest020@telarus.com,Order,0.50
2025-03-17 20:25:28,plttest035@telarus.com,Order,28.13
2025-03-17 20:25:29,plttest045@telarus.com,Oppurtunity,23.37
2025-03-17 20:25:29,plttest011@telarus.com,Quotes,30.64
2025-03-17 20:25:29,plttest038@telarus.com,Customer,0.21
2025-03-17 20:25:29,plttest041@telarus.com,Order,0.81
2025-03-17 20:25:29,plttest018@telarus.com,Cases,1.57
2025-03-17 20:25:29,plttest036@telarus.com,Order,18.14
2025-03-17 20:25:29,plttest048@telarus.com,Quotes,1.03
2025-03-17 20:25:29,plttest014@telarus.com,Customer,1.67
2025-03-17 20:25:29,plttest031@telarus.com,Quotes,1.67
2025-03-17 20:25:29,plttest001@telarus.com,Customer,1.67
2025-03-17 20:25:29,plttest015@telarus.com,Customer,1.59
2025-03-17 20:25:29,plttest050@telarus.com,Quotes,1.67
2025-03-17 20:25:29,plttest021@telarus.com,Cases,3.95
2025-03-17 20:25:29,plttest046@telarus.com,Oppurtunity,1.67
2025-03-17 20:25:29,plttest010@telarus.com,Order,1.58
2025-03-17 20:25:29,plttest019@telarus.com,Cases,3.95
2025-03-17 20:25:29,plttest005@telarus.com,Quotes,1.67
2025-03-17 20:25:29,plttest002@telarus.com,Customer,3.95
2025-03-17 20:25:29,plttest037@telarus.com,Quotes,1.38
2025-03-17 20:25:29,plttest016@telarus.com,Order,1.40
2025-03-17 20:25:29,plttest022@telarus.com,Cases,1.40
2025-03-17 20:25:29,plttest017@telarus.com,Cases,1.41
2025-03-17 20:25:29,plttest049@telarus.com,Quotes,1.39
2025-03-17 20:25:29,plttest042@telarus.com,Oppurtunity,1.39
2025-03-17 20:25:29,plttest047@telarus.com,Oppurtunity,1.40
2025-03-17 20:25:29,plttest012@telarus.com,Oppurtunity,1.41
2025-03-17 20:25:29,plttest027@telarus.com,Quotes,1.10
2025-03-17 20:25:29,plttest003@telarus.com,Customer,1.41
2025-03-17 20:25:29,plttest034@telarus.com,Quotes,1.12
2025-03-17 20:25:29,plttest007@telarus.com,Order,1.47
2025-03-17 20:25:29,plttest026@telarus.com,Order,1.44
2025-03-17 20:25:29,plttest033@telarus.com,Customer,1.42
2025-03-17 20:25:29,plttest006@telarus.com,Customer,1.16
2025-03-17 20:25:29,plttest013@telarus.com,Oppurtunity,1.30
2025-03-17 20:25:30,plttest029@telarus.com,Quotes,1.73
2025-03-17 20:25:30,plttest043@telarus.com,Oppurtunity,1.24
2025-03-17 20:25:30,plttest008@telarus.com,Cases,2.12
2025-03-17 20:25:30,plttest023@telarus.com,Oppurtunity,0.88
2025-03-17 20:25:30,plttest025@telarus.com,Quotes,2.33
2025-03-17 20:25:30,plttest009@telarus.com,Customer,1.85
2025-03-17 20:25:31,plttest032@telarus.com,Customer,5.93
2025-03-17 20:25:31,plttest004@telarus.com,Cases,2.84
2025-03-17 20:25:31,plttest030@telarus.com,Customer,4.33
2025-03-17 20:25:31,plttest044@telarus.com,Order,1.14
2025-03-17 20:25:40,plttest038@telarus.com,Quotes,0.32
2025-03-17 20:25:58,plttest040@telarus.com,Order,17.31
2025-03-17 20:26:00,plttest045@telarus.com,Order,17.31
2025-03-17 20:26:02,plttest048@telarus.com,Cases,22.93
2025-03-17 20:26:03,plttest020@telarus.com,Customer,10.56
2025-03-17 20:26:03,plttest028@telarus.com,Customer,0.47
2025-03-17 20:26:03,plttest039@telarus.com,Customer,34.43
2025-03-17 20:26:04,plttest002@telarus.com,Quotes,1.41
2025-03-17 20:26:04,plttest035@telarus.com,Customer,3.77
2025-03-17 20:26:04,plttest018@telarus.com,Oppurtunity,1.22
2025-03-17 20:26:04,plttest043@telarus.com,Order,1.42
2025-03-17 20:26:04,plttest023@telarus.com,Order,1.42
2025-03-17 20:26:04,plttest030@telarus.com,Quotes,1.02
2025-03-17 20:26:04,plttest025@telarus.com,Cases,1.03
2025-03-17 20:26:04,plttest021@telarus.com,Oppurtunity,1.26
2025-03-17 20:26:04,plttest041@telarus.com,Customer,0.18
2025-03-17 20:26:05,plttest011@telarus.com,Cases,0.68
2025-03-17 20:26:05,plttest046@telarus.com,Order,0.67
2025-03-17 20:26:05,plttest019@telarus.com,Oppurtunity,0.67
2025-03-17 20:26:05,plttest050@telarus.com,Cases,0.63
2025-03-17 20:26:05,plttest033@telarus.com,Quotes,0.58
2025-03-17 20:26:05,plttest009@telarus.com,Quotes,0.70
2025-03-17 20:26:05,plttest024@telarus.com,Oppurtunity,0.67
2025-03-17 20:26:05,plttest026@telarus.com,Customer,0.62
2025-03-17 20:26:05,plttest006@telarus.com,Quotes,0.66
2025-03-17 20:26:05,plttest032@telarus.com,Quotes,0.65
2025-03-17 20:26:05,plttest003@telarus.com,Quotes,0.62
2025-03-17 20:26:05,plttest016@telarus.com,Customer,0.63
2025-03-17 20:26:05,plttest010@telarus.com,Customer,0.99
2025-03-17 20:26:05,plttest012@telarus.com,Order,0.99
2025-03-17 20:26:05,plttest017@telarus.com,Oppurtunity,0.98
2025-03-17 20:26:05,plttest031@telarus.com,Cases,0.97
2025-03-17 20:26:05,plttest049@telarus.com,Cases,0.76
2025-03-17 20:26:05,plttest014@telarus.com,Quotes,0.66
2025-03-17 20:26:05,plttest005@telarus.com,Cases,0.68
2025-03-17 20:26:05,plttest036@telarus.com,Customer,0.80
2025-03-17 20:26:05,plttest029@telarus.com,Cases,0.73
2025-03-17 20:26:05,plttest034@telarus.com,Cases,0.75
2025-03-17 20:26:05,plttest015@telarus.com,Quotes,0.71
2025-03-17 20:26:05,plttest007@telarus.com,Customer,0.92
2025-03-17 20:26:05,plttest047@telarus.com,Order,0.15
2025-03-17 20:26:05,plttest027@telarus.com,Cases,1.63
2025-03-17 20:26:05,plttest008@telarus.com,Oppurtunity,0.11
2025-03-17 20:26:05,plttest044@telarus.com,Customer,0.16
2025-03-17 20:26:05,plttest022@telarus.com,Oppurtunity,0.09
2025-03-17 20:26:05,plttest001@telarus.com,Quotes,1.00
2025-03-17 20:26:06,plttest004@telarus.com,Oppurtunity,1.20
2025-03-17 20:26:06,plttest042@telarus.com,Order,1.16
2025-03-17 20:26:06,plttest037@telarus.com,Cases,1.10
2025-03-17 20:26:07,plttest013@telarus.com,Order,1.34
2025-03-17 20:26:21,plttest038@telarus.com,Cases,14.82
2025-03-17 20:26:24,plttest040@telarus.com,Customer,10.27
2025-03-17 20:26:29,plttest045@telarus.com,Customer,24.25
2025-03-17 20:26:36,plttest020@telarus.com,Quotes,8.12
2025-03-17 20:26:38,plttest041@telarus.com,Quotes,8.95
2025-03-17 20:26:39,plttest048@telarus.com,Oppurtunity,11.51
2025-03-17 20:26:39,plttest028@telarus.com,Quotes,1.03
2025-03-17 20:26:39,plttest035@telarus.com,Quotes,1.09
2025-03-17 20:26:39,plttest025@telarus.com,Oppurtunity,12.25
2025-03-17 20:26:39,plttest007@telarus.com,Quotes,12.26
2025-03-17 20:26:39,plttest043@telarus.com,Customer,3.34
2025-03-17 20:26:39,plttest018@telarus.com,Order,12.25
2025-03-17 20:26:39,plttest019@telarus.com,Order,12.25
2025-03-17 20:26:39,plttest039@telarus.com,Quotes,1.10
2025-03-17 20:26:39,plttest036@telarus.com,Quotes,12.25
2025-03-17 20:26:39,plttest046@telarus.com,Customer,12.26
2025-03-17 20:26:39,plttest024@telarus.com,Order,12.25
2025-03-17 20:26:39,plttest049@telarus.com,Oppurtunity,12.25
2025-03-17 20:26:39,plttest002@telarus.com,Cases,12.25
2025-03-17 20:26:39,plttest005@telarus.com,Oppurtunity,12.26
2025-03-17 20:26:39,plttest003@telarus.com,Cases,12.26
2025-03-17 20:26:39,plttest034@telarus.com,Oppurtunity,12.26
2025-03-17 20:26:39,plttest023@telarus.com,Customer,12.27
2025-03-17 20:26:39,plttest047@telarus.com,Customer,12.27
2025-03-17 20:26:39,plttest029@telarus.com,Oppurtunity,12.24
2025-03-17 20:26:39,plttest032@telarus.com,Cases,12.26
2025-03-17 20:26:39,plttest016@telarus.com,Quotes,1.11
2025-03-17 20:26:39,plttest022@telarus.com,Order,1.16
2025-03-17 20:26:39,plttest010@telarus.com,Quotes,1.13
2025-03-17 20:26:39,plttest008@telarus.com,Order,1.17
2025-03-17 20:26:39,plttest004@telarus.com,Order,1.15
2025-03-17 20:26:39,plttest031@telarus.com,Oppurtunity,1.14
2025-03-17 20:26:39,plttest009@telarus.com,Cases,1.14
2025-03-17 20:26:39,plttest027@telarus.com,Oppurtunity,1.16
2025-03-17 20:26:39,plttest014@telarus.com,Cases,1.13
2025-03-17 20:26:39,plttest042@telarus.com,Customer,1.15
2025-03-17 20:26:39,plttest015@telarus.com,Cases,1.15
2025-03-17 20:26:39,plttest050@telarus.com,Oppurtunity,0.90
2025-03-17 20:26:39,plttest021@telarus.com,Order,1.17
2025-03-17 20:26:39,plttest037@telarus.com,Oppurtunity,1.17
2025-03-17 20:26:39,plttest026@telarus.com,Quotes,1.18
2025-03-17 20:26:40,plttest044@telarus.com,Quotes,0.18
2025-03-17 20:26:40,plttest038@telarus.com,Oppurtunity,0.59
2025-03-17 20:26:40,plttest030@telarus.com,Cases,3.88
2025-03-17 20:26:40,plttest006@telarus.com,Cases,1.75
2025-03-17 20:26:40,plttest033@telarus.com,Cases,0.64
2025-03-17 20:26:40,plttest017@telarus.com,Order,1.94
2025-03-17 20:26:40,plttest012@telarus.com,Customer,2.12
2025-03-17 20:26:41,plttest011@telarus.com,Oppurtunity,2.62
2025-03-17 20:26:41,plttest013@telarus.com,Customer,2.77
2025-03-17 20:26:41,plttest040@telarus.com,Quotes,1.37
2025-03-17 20:27:12,plttest001@telarus.com,Cases,33.32
2025-03-17 20:27:13,plttest040@telarus.com,Cases,0.23
2025-03-17 20:27:13,plttest008@telarus.com,Customer,0.38
2025-03-17 20:27:14,plttest037@telarus.com,Order,30.63
2025-03-17 20:27:14,plttest020@telarus.com,Cases,0.34
2025-03-17 20:27:14,plttest041@telarus.com,Cases,0.26
2025-03-17 20:27:14,plttest016@telarus.com,Cases,1.00
2025-03-17 20:27:14,plttest050@telarus.com,Order,1.09
2025-03-17 20:27:14,plttest047@telarus.com,Quotes,1.16
2025-03-17 20:27:14,plttest012@telarus.com,Quotes,1.06
2025-03-17 20:27:14,plttest005@telarus.com,Order,0.32
2025-03-17 20:27:14,plttest033@telarus.com,Oppurtunity,0.32
2025-03-17 20:27:14,plttest014@telarus.com,Oppurtunity,0.06
2025-03-17 20:27:14,plttest031@telarus.com,Order,1.03
2025-03-17 20:27:14,plttest009@telarus.com,Oppurtunity,1.02
2025-03-17 20:27:14,plttest030@telarus.com,Oppurtunity,1.09
2025-03-17 20:27:14,plttest019@telarus.com,Customer,1.10
2025-03-17 20:27:14,plttest027@telarus.com,Order,1.04
2025-03-17 20:27:14,plttest006@telarus.com,Oppurtunity,1.09
2025-03-17 20:27:14,plttest023@telarus.com,Quotes,1.04
2025-03-17 20:27:14,plttest018@telarus.com,Customer,0.93
2025-03-17 20:27:14,plttest034@telarus.com,Order,0.95
2025-03-17 20:27:14,plttest003@telarus.com,Oppurtunity,0.56
2025-03-17 20:27:14,plttest024@telarus.com,Customer,0.56
2025-03-17 20:27:14,plttest002@telarus.com,Oppurtunity,0.54
2025-03-17 20:27:14,plttest021@telarus.com,Customer,0.47
2025-03-17 20:27:14,plttest011@telarus.com,Order,0.46
2025-03-17 20:27:14,plttest007@telarus.com,Cases,0.46
2025-03-17 20:27:14,plttest010@telarus.com,Cases,0.61
2025-03-17 20:27:14,plttest026@telarus.com,Cases,0.46
2025-03-17 20:27:14,plttest004@telarus.com,Customer,0.50
2025-03-17 20:27:14,plttest032@telarus.com,Oppurtunity,0.43
2025-03-17 20:27:14,plttest046@telarus.com,Quotes,0.48
2025-03-17 20:27:14,plttest017@telarus.com,Customer,0.34
2025-03-17 20:27:14,plttest029@telarus.com,Order,0.39
2025-03-17 20:27:14,plttest015@telarus.com,Oppurtunity,0.40
2025-03-17 20:27:14,plttest049@telarus.com,Order,0.41
2025-03-17 20:27:14,plttest043@telarus.com,Quotes,0.37
2025-03-17 20:27:15,plttest035@telarus.com,Cases,0.57
2025-03-17 20:27:15,plttest028@telarus.com,Cases,0.06
2025-03-17 20:27:15,plttest022@telarus.com,Customer,0.85
2025-03-17 20:27:15,plttest038@telarus.com,Order,0.09
2025-03-17 20:27:15,plttest013@telarus.com,Quotes,1.71
2025-03-17 20:27:15,plttest044@telarus.com,Cases,1.07
2025-03-17 20:27:15,plttest039@telarus.com,Cases,1.40
2025-03-17 20:27:15,plttest025@telarus.com,Order,1.39
2025-03-17 20:27:15,plttest036@telarus.com,Cases,2.23
2025-03-17 20:27:16,plttest042@telarus.com,Quotes,1.28
2025-03-17 20:27:16,plttest048@telarus.com,Order,3.30
2025-03-17 20:27:45,plttest045@telarus.com,Cases,19.96
2025-03-17 20:27:49,plttest040@telarus.com,Oppurtunity,0.63
2025-03-17 20:27:49,plttest028@telarus.com,Oppurtunity,0.88
2025-03-17 20:27:49,plttest020@telarus.com,Oppurtunity,0.88
2025-03-17 20:27:50,plttest021@telarus.com,Quotes,1.76
2025-03-17 20:27:50,plttest009@telarus.com,Order,0.19
2025-03-17 20:27:50,plttest037@telarus.com,Customer,1.84
2025-03-17 20:27:50,plttest001@telarus.com,Oppurtunity,1.88
2025-03-17 20:27:50,plttest035@telarus.com,Oppurtunity,1.86
2025-03-17 20:27:50,plttest031@telarus.com,Customer,1.85
2025-03-17 20:27:50,plttest023@telarus.com,Cases,33.34
2025-03-17 20:27:50,plttest033@telarus.com,Order,1.86
2025-03-17 20:27:50,plttest043@telarus.com,Cases,1.85
2025-03-17 20:27:50,plttest046@telarus.com,Cases,1.88
2025-03-17 20:27:50,plttest005@telarus.com,Customer,1.87
2025-03-17 20:27:50,plttest027@telarus.com,Customer,1.78
2025-03-17 20:27:51,plttest018@telarus.com,Quotes,0.78
2025-03-17 20:27:51,plttest032@telarus.com,Order,0.86
2025-03-17 20:27:51,plttest010@telarus.com,Oppurtunity,0.87
2025-03-17 20:27:51,plttest024@telarus.com,Quotes,0.81
2025-03-17 20:27:51,plttest022@telarus.com,Quotes,0.83
2025-03-17 20:27:51,plttest038@telarus.com,Customer,0.25
2025-03-17 20:27:51,plttest017@telarus.com,Quotes,12.68
2025-03-17 20:27:51,plttest044@telarus.com,Oppurtunity,0.72
2025-03-17 20:27:51,plttest008@telarus.com,Quotes,0.55
2025-03-17 20:27:51,plttest011@telarus.com,Customer,0.71
2025-03-17 20:27:51,plttest003@telarus.com,Order,0.57
2025-03-17 20:27:51,plttest014@telarus.com,Order,0.56
2025-03-17 20:27:51,plttest002@telarus.com,Order,0.48
2025-03-17 20:27:51,plttest041@telarus.com,Oppurtunity,0.14
2025-03-17 20:27:51,plttest012@telarus.com,Cases,0.47
2025-03-17 20:27:51,plttest006@telarus.com,Order,0.49
2025-03-17 20:27:51,plttest036@telarus.com,Oppurtunity,0.49
2025-03-17 20:27:51,plttest025@telarus.com,Customer,0.47
2025-03-17 20:27:51,plttest026@telarus.com,Oppurtunity,0.53
2025-03-17 20:27:51,plttest029@telarus.com,Customer,0.54
2025-03-17 20:27:51,plttest004@telarus.com,Quotes,0.47
2025-03-17 20:27:51,plttest016@telarus.com,Oppurtunity,0.47
2025-03-17 20:27:51,plttest034@telarus.com,Customer,0.48
2025-03-17 20:27:51,plttest030@telarus.com,Order,0.18
2025-03-17 20:27:51,plttest050@telarus.com,Customer,0.17
2025-03-17 20:27:51,plttest007@telarus.com,Oppurtunity,0.19
2025-03-17 20:27:51,plttest042@telarus.com,Cases,0.13
2025-03-17 20:27:51,plttest015@telarus.com,Order,0.07
2025-03-17 20:27:52,plttest019@telarus.com,Quotes,1.31
2025-03-17 20:27:52,plttest039@telarus.com,Oppurtunity,0.81
2025-03-17 20:27:52,plttest047@telarus.com,Cases,1.61
2025-03-17 20:27:53,plttest048@telarus.com,Customer,2.11
2025-03-17 20:27:53,plttest049@telarus.com,Customer,2.42
2025-03-17 20:28:16,plttest040@telarus.com,Order,1.89
2025-03-17 20:28:20,plttest045@telarus.com,Oppurtunity,15.79
2025-03-17 20:28:21,plttest038@telarus.com,Quotes,1.80
2025-03-17 20:28:23,plttest020@telarus.com,Order,1.82
2025-03-17 20:28:23,plttest041@telarus.com,Order,1.78
2025-03-17 20:28:25,plttest027@telarus.com,Quotes,1.53
2025-03-17 20:28:25,plttest013@telarus.com,Cases,32.67
2025-03-17 20:28:25,plttest039@telarus.com,Order,3.58
2025-03-17 20:28:25,plttest021@telarus.com,Cases,19.23
2025-03-17 20:28:25,plttest018@telarus.com,Cases,31.60
2025-03-17 20:28:25,plttest043@telarus.com,Oppurtunity,3.77
2025-03-17 20:28:25,plttest031@telarus.com,Quotes,3.77
2025-03-17 20:28:25,plttest016@telarus.com,Order,3.72
2025-03-17 20:28:25,plttest042@telarus.com,Oppurtunity,3.72
2025-03-17 20:28:25,plttest047@telarus.com,Oppurtunity,3.73
2025-03-17 20:28:25,plttest023@telarus.com,Oppurtunity,3.73
2025-03-17 20:28:25,plttest028@telarus.com,Order,0.24
2025-03-17 20:28:25,plttest046@telarus.com,Oppurtunity,2.20
2025-03-17 20:28:25,plttest010@telarus.com,Order,3.84
2025-03-17 20:28:25,plttest007@telarus.com,Order,3.82
2025-03-17 20:28:25,plttest030@telarus.com,Customer,3.84
2025-03-17 20:28:25,plttest044@telarus.com,Order,3.84
2025-03-17 20:28:25,plttest017@telarus.com,Cases,3.79
2025-03-17 20:28:25,plttest036@telarus.com,Order,3.83
2025-03-17 20:28:25,plttest015@telarus.com,Customer,3.77
2025-03-17 20:28:25,plttest033@telarus.com,Customer,3.81
2025-03-17 20:28:25,plttest011@telarus.com,Quotes,3.87
2025-03-17 20:28:25,plttest049@telarus.com,Quotes,3.81
2025-03-17 20:28:25,plttest003@telarus.com,Customer,3.76
2025-03-17 20:28:25,plttest001@telarus.com,Order,3.82
2025-03-17 20:28:25,plttest008@telarus.com,Cases,3.82
2025-03-17 20:28:25,plttest002@telarus.com,Customer,3.82
2025-03-17 20:28:25,plttest005@telarus.com,Quotes,3.83
2025-03-17 20:28:25,plttest012@telarus.com,Oppurtunity,3.83
2025-03-17 20:28:25,plttest004@telarus.com,Cases,3.86
2025-03-17 20:28:25,plttest050@telarus.com,Quotes,0.59
2025-03-17 20:28:25,plttest034@telarus.com,Quotes,0.78
2025-03-17 20:28:25,plttest029@telarus.com,Quotes,0.80
2025-03-17 20:28:25,plttest037@telarus.com,Quotes,0.77
2025-03-17 20:28:25,plttest006@telarus.com,Customer,0.90
2025-03-17 20:28:25,plttest035@telarus.com,Order,0.72
2025-03-17 20:28:25,plttest009@telarus.com,Customer,0.57
2025-03-17 20:28:25,plttest032@telarus.com,Customer,4.43
2025-03-17 20:28:26,plttest025@telarus.com,Quotes,1.10
2025-03-17 20:28:26,plttest026@telarus.com,Order,1.06
2025-03-17 20:28:27,plttest048@telarus.com,Quotes,1.31
2025-03-17 20:28:27,plttest019@telarus.com,Cases,1.28
2025-03-17 20:28:27,plttest014@telarus.com,Customer,1.42
2025-03-17 20:28:27,plttest022@telarus.com,Cases,2.34
2025-03-17 20:28:28,plttest024@telarus.com,Cases,2.59
